funcname,state
_ZNSt10unique_ptrIA_N6parlay6paddedISt6atomicIPNS0_8internal12hazptr_stackIPSt4byteE4NodeEELm128EvEESt14default_deleteISC_EED2Ev,both
_ZN6parlay17sequence_internal13sequence_baseISt4pairIPcmENS_9allocatorIS4_EELb0EED2Ev,defef
_ZN6parlay12parallel_forIZNS_8internal10sliced_forIZNS1_5scan_INS_5sliceIPmS5_EES6_NS_4plusImEEEEDaRKT_T0_OT1_jbEUlmmmE0_EEvmmSB_jEUlmE_EEvmmS9_lb,both
_ZN6parlay12parallel_forIZZNS_7flattenIRNS_8sequenceINS2_IcNS_9allocatorIcEELb1EEENS3_IS5_EELb0EEEEEDaOT_ENKUlmE0_clEmEUlmE_EEvmmS9_lb,defdac
_ZN6parlay8internal14acquire_retireINS0_12hazptr_stackIPSt4byteE4NodeESt14default_deleteIS6_ELm1EED2Ev,both
_ZN6parlay17sequence_internal13sequence_baseISt4pairINS_8sequenceIcNS_9allocatorIcEELb1EEEmENS4_IS7_EELb0EE12storage_implC2ERKSA_,defef
_ZN6parlay8internal14acquire_retireINS0_12hazptr_stackIPSt4byteE4NodeESt14default_deleteIS6_ELm1EE6retireIPS6_EEvT_,defdac
_ZN6parlay12parallel_forIZNS_17sequence_internal13sequence_baseISt4pairINS_8sequenceIcNS_9allocatorIcEELb1EEEmENS5_IS8_EELb0EE12storage_impl11destroy_allEvEUlmE_EEvmmT_lb,defef
_ZNSt14basic_ofstreamIcSt11char_traitsIcEEC1ERKNSt7__cxx1112basic_stringIcS1_SaIcEEESt13_Ios_Openmode,defef
_ZN6parlay12parallel_forIZNS_8internal11count_sort_INS_22uninitialized_copy_tagEjPKPcPS4_NS_16delayed_sequenceImmZNS1_22collect_reduce_sparse_IS3_NS_5sliceIS6_S6_EENS_19count_by_key_helperIS4_mRZ10wordCountsRKNS_8sequenceIcNS_9allocatorIcEELb1EEEbE3$_3RZ10wordCountsSI_bE3$_4EEEEDaT0_RKT1_EUlmE_E8iteratorEEESt4pairINSD_ImNSE_ImEELb0EEEbENSA_ISP_SP_EENSA_IT2_S10_EENSA_IT3_S12_EEmfbEUlmE_EEvmmT_lb,defef
_ZN6parlay8internal14acquire_retireINS0_12hazptr_stackIPvE4NodeESt14default_deleteIS5_ELm1EE6retireIPS5_EEvT_,both
_ZN6parlay12parallel_forIZNS_8sequenceISt4pairIllENS_9allocatorIS3_EELb0EEC1IZNS_8internal7delayed20block_delayed_scan_tIRNS_16delayed_sequenceIS3_S3_ZNS_10map_tokensIRNS1_IcNS4_IcEELb1EEERZ10wordCountsRKSE_bE3$_1Z10wordCountsSH_bE3$_2EEDaOT_OT0_OT1_EUlmE1_EELb0EZNSC_ISF_SJ_SK_EEDaSM_SO_SQ_EUlS3_S3_E_S3_EC1IST_EESM_SU_S3_EUlmE_EEmSM_NS6_18_from_function_tagEmEUlmE_EEvmmSL_lb,defef
_ZN6parlay8internal14acquire_retireINS0_12hazptr_stackIPSt4byteE4NodeESt14default_deleteIS6_ELm1EEC2ES8_,both
_ZN6parlay17sequence_internal13sequence_baseISt4pairINS_8sequenceIcNS_9allocatorIcEELb1EEEmENS4_IS7_EELb0EE12storage_impl18capacitated_buffer11free_bufferERNS4_ISt4byteEE,defef
_ZN6parlay8sequenceISt4pairIPcmENS_9allocatorIS3_EELb0EE15initialize_fillEmRKS3_,defdac
_ZStlsIcSt11char_traitsIcESaIcEERSt13basic_ostreamIT_T0_ES7_RKNSt7__cxx1112basic_stringIS4_S5_T1_EE,defef
_ZNSt10_HashtableIPN6parlay8internal12hazptr_stackIPNS1_15block_allocator5blockEE4NodeES8_SaIS8_ENSt8__detail9_IdentityESt8equal_toIS8_ESt4hashIS8_ENSA_18_Mod_range_hashingENSA_20_Default_ranged_hashENSA_20_Prime_rehash_policyENSA_17_Hashtable_traitsILb0ELb1ELb0EEEE13_M_rehash_auxEmSt17integral_constantIbLb0EE,both
_ZSt9__find_ifIN9__gnu_cxx17__normal_iteratorIPPN6parlay8internal12hazptr_stackIPNS3_15block_allocator5blockEE4NodeESt6vectorISA_SaISA_EEEENS0_5__ops10_Iter_predIZNS3_14acquire_retireIS9_St14default_deleteIS9_ELm1EE18work_toward_ejectsEmEUlT_E0_EEESM_SM_SM_T0_St26random_access_iterator_tag,both
_ZNSt10_HashtableIPN6parlay8internal12hazptr_stackIPvE4NodeES6_SaIS6_ENSt8__detail9_IdentityESt8equal_toIS6_ESt4hashIS6_ENS8_18_Mod_range_hashingENS8_20_Default_ranged_hashENS8_20_Prime_rehash_policyENS8_17_Hashtable_traitsILb0ELb1ELb0EEEE13_M_rehash_auxEmSt17integral_constantIbLb0EE,both
_ZN6parlay17sequence_internal13sequence_baseIcNS_9allocatorIcEELb1EED2Ev,both
_ZN6parlay12parallel_forIZNS_8sequenceINS1_IcNS_9allocatorIcEELb1EEENS2_IS4_EELb0EE16initialize_rangeIPKS4_EEvT_SA_St26random_access_iterator_tagEUlmE_EEvmmSA_lb,defdac
_ZN6parlay8sequenceIcNS_9allocatorIcEELb1EEC2EmNS3_18_uninitialized_tagE,both
_ZN6parlay8sequenceIjNS_9allocatorIjEELb0EE13uninitializedEm,defef
_ZN6parlay12parallel_forIZNKS_8internal15block_allocator15initialize_listEPSt4byteEUlmE_EEvmmT_lb,both
_ZN6parlay8sequenceIPcNS_9allocatorIS1_EELb0EE13uninitializedEm,defef
__cxx_global_var_init.1,untouched
_ZNSt10unique_ptrIA_N6parlay6paddedISt6atomicIPNS0_8internal12hazptr_stackIPNS3_15block_allocator5blockEE4NodeEELm128EvEESt14default_deleteISD_EED2Ev,both
_ZN6parlay7flattenIcEEDaONS_8sequenceINS1_IT_NS_9allocatorIS2_EEXsr3std7is_sameIS2_cEE5valueEEENS3_IS5_EEXsr3std7is_sameIS5_cEE5valueEEE,defef
_ZN6parlay12parallel_forIZNS_8internal11count_sort_INS_22uninitialized_copy_tagEjPKPcPS4_NS_16delayed_sequenceImmZNS1_22collect_reduce_sparse_IS3_NS_5sliceIS6_S6_EENS_19count_by_key_helperIS4_mRZ10wordCountsRKNS_8sequenceIcNS_9allocatorIcEELb1EEEbE3$_3RZ10wordCountsSI_bE3$_4EEEEDaT0_RKT1_EUlmE_E8iteratorEEESt4pairINSD_ImNSE_ImEELb0EEEbENSA_ISP_SP_EENSA_IT2_S10_EENSA_IT3_S12_EEmfbEUlmE1_EEvmmT_lb,defef
_Z14timeWordCountsRKN6parlay8sequenceIcNS_9allocatorIcEELb1EEEibPc,defef
_ZN6parlay17sequence_internal13sequence_baseIPmNS_9allocatorIS2_EELb0EED2Ev,defef
_ZN5timerD2Ev,both
_ZNSt10unique_ptrIA_N6parlay8internal15block_allocatorENS1_20unique_array_deleterIS2_EEED2Ev,both
_ZN6parlay9allocatorISt4pairIPcmEE10deallocateEPS3_m,both
_ZN6parlay12parallel_forIZNS_26uninitialized_relocate_n_aIPSt4pairIPcmES5_SaIS4_EEEvT_T0_mRT1_EUlmE_EEvmmS7_lb,defdac
_ZNSt10unique_ptrIA_mSt14default_deleteIS0_EED2Ev,both
_ZNSt10unique_ptrIA_N6parlay6paddedIbLm128EvEESt14default_deleteIS3_EED2Ev,both
_ZN6parlay12parallel_forIZNS_8internal11count_sort_INS_22uninitialized_copy_tagEmPKPcPS4_NS_16delayed_sequenceImmZNS1_22collect_reduce_sparse_IS3_NS_5sliceIS6_S6_EENS_19count_by_key_helperIS4_mRZ10wordCountsRKNS_8sequenceIcNS_9allocatorIcEELb1EEEbE3$_3RZ10wordCountsSI_bE3$_4EEEEDaT0_RKT1_EUlmE_E8iteratorEEESt4pairINSD_ImNSE_ImEELb0EEEbENSA_ISP_SP_EENSA_IT2_S10_EENSA_IT3_S12_EEmfbEUlmE2_EEvmmT_lb,defef
_ZN6parlay12parallel_forIZNS_8sequenceIjNS_9allocatorIjEELb0EE18initialize_defaultEmEUlmE_EEvmmT_lb,defdac
_ZN6parlay8internal15block_allocatorC2Emmmmm,both
_ZNSt7__cxx1112basic_stringIcSt11char_traitsIcESaIcEED2Ev,both
_ZNSt10unique_ptrIA_N6parlay6paddedISt6vectorIPNS0_8internal12hazptr_stackIPvE4NodeESaIS8_EELm128EvEESt14default_deleteISC_EED2Ev,both
_ZN7benchIO9seqHeaderB5cxx11ENS_11elementTypeE,untouched
_ZN6parlay8sequenceImNS_9allocatorImEELb0EE16initialize_rangeINS_16delayed_sequenceImmZNS_8internal11delayed_mapIRNS0_IS3_NS1_IS3_EELb0EEEZNS6_7delayed23block_delayed_flatten_tIS9_E20initialize_iteratorsEvEUlOT_E_Li0EEEDaSF_T0_EUlmE_E8iteratorEEEvSE_SE_St26random_access_iterator_tag,defef
_ZNSt15basic_streambufIcSt11char_traitsIcEED2Ev,defef
_ZNSt18unordered_multisetIPN6parlay8internal12hazptr_stackIPNS1_15block_allocator5blockEE4NodeESt4hashIS8_ESt8equal_toIS8_ESaIS8_EED2Ev,both
_ZN6parlay12parallel_forIZNS_8sequenceImNS_9allocatorImEELb0EEC1IZNS_7flattenIcEEDaONS1_INS1_IT_NS2_IS7_EEXsr3std7is_sameIS7_cEE5valueEEENS2_IS9_EEXsr3std7is_sameIS9_cEE5valueEEEEUlmE_EEmOS7_NS4_18_from_function_tagEmEUlmE_EEvmmS7_lb,defef
_ZN6parlay12parallel_forIZNS_17sequence_internal13sequence_baseIcNS_9allocatorIcEELb1EE12storage_implC1ERKS6_EUlmE_EEvmmT_lb,defdac
_ZN6parlay12parallel_forIZNS_7flattenISt4pairIPcmEEEDaONS_8sequenceINS5_IT_NS_9allocatorIS6_EEXsr3std7is_sameIS6_cEE5valueEEENS7_IS9_EEXsr3std7is_sameIS9_cEE5valueEEEEUlmE0_EEvmmS6_lb,defef
_ZNSt18unordered_multisetIPN6parlay8internal12hazptr_stackIPSt4byteE4NodeESt4hashIS7_ESt8equal_toIS7_ESaIS7_EED2Ev,defdac
_ZN6parlay12parallel_forIZNS_8sequenceImNS_9allocatorImEELb0EEC1IZNS_7flattenIRNS1_INS1_IcNS2_IcEELb1EEENS2_IS8_EELb0EEEEEDaOT_EUlmE_EEmSD_NS4_18_from_function_tagEmEUlmE_EEvmmSC_lb,defdac
_GLOBAL__sub_I_wcTime.C,untouched
_ZN6parlay8sequenceIjNS_9allocatorIjEELb0EE18initialize_defaultEm,defdac
_ZN6parlay8internal12hazptr_stackIPvE3popEv,both
_ZN6parlay8sequenceIcNS_9allocatorIcEELb1EE16initialize_rangeIPcEEvT_S6_St26random_access_iterator_tag,defdac
_ZN6parlay8internal14acquire_retireINS0_12hazptr_stackIPvE4NodeESt14default_deleteIS5_ELm1EEC2ES7_,both
_ZN6parlay17sequence_internal13sequence_baseIPmNS_9allocatorIS2_EELb0EE12storage_impl18capacitated_buffer11free_bufferERNS3_ISt4byteEE,defef
_ZN6parlay8internal12hazptr_stackIPNS0_15block_allocator5blockEED2Ev,defdac
_ZN6parlay17sequence_internal13sequence_baseIcNS_9allocatorIcEELb1EE12storage_implC2ERKS5_,defdac
_ZN6parlay8internal12hazptr_stackIPNS0_15block_allocator5blockEE4pushES4_,both
_ZNSt10unique_ptrIA_N6parlay8internal15block_allocator10local_listESt14default_deleteIS4_EED2Ev,defdac
_ZN6parlay12parallel_forIZNS_8internal11count_sort_INS_22uninitialized_copy_tagEmPKPcPS4_NS_16delayed_sequenceImmZNS1_22collect_reduce_sparse_IS3_NS_5sliceIS6_S6_EENS_19count_by_key_helperIS4_mRZ10wordCountsRKNS_8sequenceIcNS_9allocatorIcEELb1EEEbE3$_3RZ10wordCountsSI_bE3$_4EEEEDaT0_RKT1_EUlmE_E8iteratorEEESt4pairINSD_ImNSE_ImEELb0EEEbENSA_ISP_SP_EENSA_IT2_S10_EENSA_IT3_S12_EEmfbEUlmE_EEvmmT_lb,defef
_ZN6parlay8internal12hazptr_stackIPSt4byteE3popEv,defdac
_ZN6parlay8internal7delayed23block_delayed_flatten_tINS_8sequenceINS3_ImNS_9allocatorImEELb0EEENS4_IS6_EELb0EEEED2Ev,defef
_ZN6parlay8internal7delayed29block_iterable_view_base_dataINS_8sequenceINS3_ImNS_9allocatorImEELb0EEENS4_IS6_EELb0EEEED2Ev,defef
_ZN6parlay12parallel_forIZNS_8sequenceIcNS_9allocatorIcEELb1EEC1IZ10wordCountsRKS4_bE3$_0EEmOT_NS4_18_from_function_tagEmEUlmE_EEvmmS9_lb,defef
_ZN5timer6reportEdNSt7__cxx1112basic_stringIcSt11char_traitsIcESaIcEEE,defef
_ZN6parlay17sequence_internal13sequence_baseIPNS_8sequenceImNS_9allocatorImEELb0EEENS3_IS6_EELb0EE12storage_impl18capacitated_buffer11free_bufferERNS3_ISt4byteEE,defef
_ZN6parlay12parallel_forIZNS_8internal20unique_array_deleterINS1_15block_allocatorEEclEPS3_EUlmE_EEvmmT_lb,both
_ZN6parlay8sequenceImNS_9allocatorImEELb0EEC2IZNS_7flattenIcEEDaONS0_INS0_IT_NS1_IS6_EEXsr3std7is_sameIS6_cEE5valueEEENS1_IS8_EEXsr3std7is_sameIS8_cEE5valueEEEEUlmE_EEmOS6_NS3_18_from_function_tagEm,defef
_ZN6parlay8internal14acquire_retireINS0_12hazptr_stackIPSt4byteE4NodeESt14default_deleteIS6_ELm1EE18work_toward_ejectsEm,defdac
__clang_call_terminate,both
_ZN6parlay17sequence_internal13sequence_baseIPPcNS_9allocatorIS3_EELb0EE12storage_impl18capacitated_buffer11free_bufferERNS4_ISt4byteEE,both
_ZN11commandLine9getOptionENSt7__cxx1112basic_stringIcSt11char_traitsIcESaIcEEE,defef
_ZN6parlay12parallel_forIZNS_7flattenIcEEDaONS_8sequenceINS2_IT_NS_9allocatorIS3_EEXsr3std7is_sameIS3_cEE5valueEEENS4_IS6_EEXsr3std7is_sameIS6_cEE5valueEEEEUlmE0_EEvmmS3_lb,defef
_ZN6parlay8internal16chars_to_float_tIdLm18ELl22ELl53EZNS_15chars_to_doubleERKNS_8sequenceIcNS_9allocatorIcEELb1EEEEUlRKT_E_EES8_S7_OT3_,untouched
_ZN6parlay8internal7delayed23block_delayed_flatten_tINS_8sequenceINS3_ImNS_9allocatorImEELb0EEENS4_IS6_EELb0EEEE20initialize_iteratorsEv,defef
_ZN6parlay17sequence_internal13sequence_baseINS_8sequenceISt4pairIPcmENS_9allocatorIS5_EELb0EEENS6_IS8_EELb0EE12storage_impl18capacitated_buffer11free_bufferERNS6_ISt4byteEE,defef
_ZN6parlay17sequence_internal13sequence_baseISt4pairIPciENS_9allocatorIS4_EELb0EE12storage_impl18capacitated_buffer11free_bufferERNS5_ISt4byteEE,defef
_ZN6parlay8to_charsEc,defef
_ZN6parlay17sequence_internal13sequence_baseISt4pairIPcmENS_9allocatorIS4_EELb0EE12storage_impl18capacitated_buffer11free_bufferERNS5_ISt4byteEE,both
_ZN6parlay8internal21get_default_allocatorEv,both
_ZN6parlay12parallel_forIZNS_8internal7delayed23block_delayed_flatten_tINS_8sequenceINS4_ImNS_9allocatorImEELb0EEENS5_IS7_EELb0EEEE20initialize_iteratorsEvEUlmE_EEvmmT_lb,defef
_ZN7benchIO8dataTypeESt4pairIllE,untouched
_ZNSt13basic_filebufIcSt11char_traitsIcEED2Ev,defef
_ZN6parlay8sequenceImNS_9allocatorImEELb0EEC2IZNS_7flattenIRNS0_INS0_IcNS1_IcEELb1EEENS1_IS7_EELb0EEEEEDaOT_EUlmE_EEmSC_NS3_18_from_function_tagEm,defdac
_ZNSt10unique_ptrIA_N6parlay6paddedISt6vectorIPNS0_8internal12hazptr_stackIPSt4byteE4NodeESaIS9_EELm128EvEESt14default_deleteISD_EED2Ev,both
_ZN11commandLine17getOptionIntValueENSt7__cxx1112basic_stringIcSt11char_traitsIcESaIcEEEi,defef
_ZN6parlay8internal14pool_allocatorC2ERKSt6vectorImSaImEE,both
_ZN6parlay17sequence_internal13sequence_baseIjNS_9allocatorIjEELb0EE12storage_impl18capacitated_buffer11free_bufferERNS2_ISt4byteEE,both
_ZNSt6vectorIPN6parlay8internal12hazptr_stackIPNS1_15block_allocator5blockEE4NodeESaIS8_EE15_M_range_insertIN9__gnu_cxx17__normal_iteratorIPS8_SA_EEEEvSF_T_SG_St20forward_iterator_tag,both
_ZN7benchIO8dataTypeEd,untouched
_ZN6parlay9allocatorIPcE10deallocateEPS1_m,defef
_ZN7benchIO8dataTypeEi,untouched
_ZN6parlay12parallel_forIZNS_8sequenceImNS_9allocatorImEELb0EEC1IZNS_7flattenISt4pairIPcmEEEDaONS1_INS1_IT_NS2_ISA_EEXsr3std7is_sameISA_cEE5valueEEENS2_ISC_EEXsr3std7is_sameISC_cEE5valueEEEEUlmE_EEmOSA_NS4_18_from_function_tagEmEUlmE_EEvmmSA_lb,defef
_ZN7benchIO8dataTypeEj,untouched
_ZN7benchIO8dataTypeEl,untouched
_ZN6parlay8internal14acquire_retireINS0_12hazptr_stackIPNS0_15block_allocator5blockEE4NodeESt14default_deleteIS7_ELm1EE6retireIPS7_EEvT_,both
_ZN7benchIO11read_doubleERKN6parlay8sequenceIcNS0_9allocatorIcEELb1EEE,untouched
_ZNSt6vectorIPN6parlay8internal12hazptr_stackIPSt4byteE4NodeESaIS7_EE15_M_range_insertIN9__gnu_cxx17__normal_iteratorIPS7_S9_EEEEvSE_T_SF_St20forward_iterator_tag,defdac
_ZN6parlay12parallel_forIZNS_8internal10sliced_forIZNS1_5scan_INS_5sliceIPSt4pairIllES7_EES8_NS_6monoidIZNS_10map_tokensIRNS_8sequenceIcNS_9allocatorIcEELb1EEERZ10wordCountsRKSE_bE3$_1Z10wordCountsSH_bE3$_2EEDaOT_OT0_OT1_EUlS6_S6_E_S6_vEEEEDaRKSL_SN_SQ_jbEUlmmmE0_EEvmmSU_jEUlmE_EEvmmSL_lb,defef
_ZN6parlay17sequence_internal13sequence_baseISt4pairIllENS_9allocatorIS3_EELb0EE12storage_impl18capacitated_buffer11free_bufferERNS4_ISt4byteEE,defef
_ZZN6parlay8internal14acquire_retireINS0_12hazptr_stackIPSt4byteE4NodeESt14default_deleteIS6_ELm1EE18work_toward_ejectsEmENKUlT_E0_clIPS6_EEDaSA_,defdac
_ZN6parlay12parallel_forIZNS_8sequenceIcNS_9allocatorIcEELb1EE15initialize_fillEmRKcEUlmE_EEvmmT_lb,defef
_ZN6parlay12parallel_forIZNS_8internal7delayed8for_eachIRNS2_19block_delayed_zip_tIJRNS2_20block_delayed_scan_tIRNS_16delayed_sequenceISt4pairIllES8_ZNS_10map_tokensIRNS_8sequenceIcNS_9allocatorIcEELb1EEERZ10wordCountsRKSD_bE3$_1Z10wordCountsSG_bE3$_2EEDaOT_OT0_OT1_EUlmE1_EELb0EZNS9_ISE_SI_SJ_EEDaSL_SN_SP_EUlS8_S8_E_S8_EENS6_ImmZNS_4iotaImEEDaSK_EUlmE_EEEEEZNS9_ISE_SI_SJ_EEDaSL_SN_SP_EUlSL_E_Li0EEEvSL_SN_EUlmE_EEvmmSK_lb,defef
_ZN6parlay17sequence_internal13sequence_baseImNS_9allocatorImEELb0EE12storage_impl18capacitated_buffer11free_bufferERNS2_ISt4byteEE,both
_Z10wordCountsRKN6parlay8sequenceIcNS_9allocatorIcEELb1EEEb,defef
_ZN6parlay12parallel_forIZNS_17sequence_internal13sequence_baseISt4pairINS_8sequenceIcNS_9allocatorIcEELb1EEEmENS5_IS8_EELb0EE12storage_implC1ERKSB_EUlmE_EEvmmT_lb,defef
_ZN6parlay8sequenceIPNS0_ImNS_9allocatorImEELb0EEENS1_IS4_EELb0EE13uninitializedEm,defef
_ZN6parlay12parallel_forIZNS_8internal11count_sort_INS_22uninitialized_copy_tagEjPKPcPS4_NS_16delayed_sequenceImmZNS1_22collect_reduce_sparse_IS3_NS_5sliceIS6_S6_EENS_19count_by_key_helperIS4_mRZ10wordCountsRKNS_8sequenceIcNS_9allocatorIcEELb1EEEbE3$_3RZ10wordCountsSI_bE3$_4EEEEDaT0_RKT1_EUlmE_E8iteratorEEESt4pairINSD_ImNSE_ImEELb0EEEbENSA_ISP_SP_EENSA_IT2_S10_EENSA_IT3_S12_EEmfbEUlmE0_EEvmmT_lb,defef
_ZN7benchIO8dataTypeEPc,untouched
_ZN6parlay7flattenIRNS_8sequenceINS1_IcNS_9allocatorIcEELb1EEENS2_IS4_EELb0EEEEEDaOT_,defdac
_ZNK6parlay8internal12hazptr_stackIPNS0_15block_allocator5blockEE4sizeEv,defdac
_ZNSt10unique_ptrIA_N6parlay6paddedISt6atomicIPNS0_8internal12hazptr_stackIPvE4NodeEELm128EvEESt14default_deleteISB_EED2Ev,both
_ZN6parlay12parallel_forIZNS_8sequenceImNS_9allocatorImEELb0EE18initialize_defaultEmEUlmE_EEvmmT_lb,both
_ZN6parlay8internal12hazptr_stackIPNS0_15block_allocator5blockEE3popEv,both
_ZN6parlay8internal14acquire_retireINS0_12hazptr_stackIPvE4NodeESt14default_deleteIS5_ELm1EED2Ev,both
_ZN6parlay8internal10seq_count_INS_5sliceIPKPcS5_EEPmNS2_INS_16delayed_sequenceImmZNS0_22collect_reduce_sparse_INS_22uninitialized_copy_tagES6_NS_19count_by_key_helperIS3_mRZ10wordCountsRKNS_8sequenceIcNS_9allocatorIcEELb1EEEbE3$_3RZ10wordCountsSH_bE3$_4EEEEDaT0_RKT1_EUlmE_E8iteratorEST_EEEEvT_SO_SN_m,both
_ZN7benchIO10get_tokensEPKc,untouched
_ZN6parlay8file_mapC2ERKNSt7__cxx1112basic_stringIcSt11char_traitsIcESaIcEEE,defef
_ZN6parlay8internal5scan_INS_5sliceIPmS3_EES4_NS_4plusImEEEEDaRKT_T0_OT1_jb,both
_ZN6parlay17sequence_internal13sequence_baseINS_8sequenceImNS_9allocatorImEELb0EEENS3_IS5_EELb0EE12storage_impl18capacitated_buffer11free_bufferERNS3_ISt4byteEE,defef
_ZNSt10_HashtableIPN6parlay8internal12hazptr_stackIPSt4byteE4NodeES7_SaIS7_ENSt8__detail9_IdentityESt8equal_toIS7_ESt4hashIS7_ENS9_18_Mod_range_hashingENS9_20_Default_ranged_hashENS9_20_Prime_rehash_policyENS9_17_Hashtable_traitsILb0ELb1ELb0EEEE20_M_insert_multi_nodeEPNS9_10_Hash_nodeIS7_Lb0EEEmSN_,defdac
_ZN6parlay8sequenceINS0_IcNS_9allocatorIcEELb1EEENS1_IS3_EELb0EE13uninitializedEm,defef
_ZN6parlay12parallel_forIZNS_8sequenceINS1_ImNS_9allocatorImEELb0EEENS2_IS4_EELb0EEC1IZNS_8internal7delayed25block_delayed_filter_op_tINS_16delayed_sequenceImmZNS_4iotaImEEDaT_EUlmE_EEZNS8_16map_tokens_smallIRNS_8file_mapERZNS_6tokensISI_RN7benchIO3$_0EEENS1_INS1_IcNS2_IcEELb1EEENS2_ISO_EELb0EEEOSD_OT0_EUlSR_E_SM_EEDaSR_ST_OT1_EUlmE_E13filter_blocksIRSF_SY_EEDaSR_ST_EUlmE_EEmSR_NS6_18_from_function_tagEmEUlmE_EEvmmSD_lb,defef
_ZN6parlay8internal14acquire_retireINS0_12hazptr_stackIPNS0_15block_allocator5blockEE4NodeESt14default_deleteIS7_ELm1EED2Ev,both
_ZN6parlay8internal14seq_count_sortINS_22uninitialized_copy_tagEPKPcPS3_NS_16delayed_sequenceImmZNS0_22collect_reduce_sparse_IS2_NS_5sliceIS5_S5_EENS_19count_by_key_helperIS3_mRZ10wordCountsRKNS_8sequenceIcNS_9allocatorIcEELb1EEEbE3$_3RZ10wordCountsSH_bE3$_4EEEEDaT0_RKT1_EUlmE_E8iteratorEEENSC_ImNSD_ImEELb0EEENS9_ISN_SN_EENS9_ISO_SO_EENS9_IT2_SY_EEm,defef
_ZN6parlay8internal15block_allocator5clearEv,defdac
_ZN6parlay12parallel_forIZNS_8internal11count_sort_INS_22uninitialized_copy_tagEmPKPcPS4_NS_16delayed_sequenceImmZNS1_22collect_reduce_sparse_IS3_NS_5sliceIS6_S6_EENS_19count_by_key_helperIS4_mRZ10wordCountsRKNS_8sequenceIcNS_9allocatorIcEELb1EEEbE3$_3RZ10wordCountsSI_bE3$_4EEEEDaT0_RKT1_EUlmE_E8iteratorEEESt4pairINSD_ImNSE_ImEELb0EEEbENSA_ISP_SP_EENSA_IT2_S10_EENSA_IT3_S12_EEmfbEUlmE1_EEvmmT_lb,defef
_ZN6parlay8sequenceIbNS_9allocatorIbEELb0EE15initialize_fillEmRKb,both
_ZN6parlay8internal14pool_allocator8allocateEm,both
_ZN7benchIO8dataTypeESt4pairIN6parlay8sequenceIcNS1_9allocatorIcEELb1EEElE,untouched
_ZN6parlay8internal14acquire_retireINS0_12hazptr_stackIPvE4NodeESt14default_deleteIS5_ELm1EE18work_toward_ejectsEm,both
_ZN6parlay12parallel_forIZNS_8sequenceINS1_IcNS_9allocatorIcEELb1EEENS2_IS4_EELb0EEC1IZNS_8internal3mapIRKNS1_ISt4pairIS4_mENS2_ISB_EELb0EEEZ21writeHistogramsToFileSD_PcE3$_1EEDaOT_OT0_mEUlmE_EEmSJ_NS6_18_from_function_tagEmEUlmE_EEvmmSI_lb,defef
_ZN6parlay17sequence_internal13sequence_baseIPNS_8sequenceImNS_9allocatorImEELb0EEENS3_IS6_EELb0EED2Ev,defef
_ZNSt6vectorIPN6parlay8internal12hazptr_stackIPvE4NodeESaIS6_EE15_M_range_insertIN9__gnu_cxx17__normal_iteratorIPS6_S8_EEEEvSD_T_SE_St20forward_iterator_tag,both
_ZNSt18unordered_multisetIPN6parlay8internal12hazptr_stackIPvE4NodeESt4hashIS6_ESt8equal_toIS6_ESaIS6_EED2Ev,both
_ZN6parlay8internal15block_allocator8get_listEv,both
_ZSt9__find_ifIN9__gnu_cxx17__normal_iteratorIPPN6parlay8internal12hazptr_stackIPvE4NodeESt6vectorIS8_SaIS8_EEEENS0_5__ops10_Iter_predIZNS3_14acquire_retireIS7_St14default_deleteIS7_ELm1EE18work_toward_ejectsEmEUlT_E0_EEESK_SK_SK_T0_St26random_access_iterator_tag,both
_ZStlsISt11char_traitsIcEERSt13basic_ostreamIcT_ES5_PKc,defef
_ZN6parlay12parallel_forIZNS_8sequenceIcNS_9allocatorIcEELb1EE16initialize_rangeIPcEEvT_S7_St26random_access_iterator_tagEUlmE_EEvmmS7_lb,defdac
_ZN6parlay17sequence_internal13sequence_baseIPcNS_9allocatorIS2_EELb0EED2Ev,defef
_ZNSt14basic_ifstreamIcSt11char_traitsIcEED1Ev,defef
_ZNSt10unique_ptrIA_N6parlay6paddedImLm128EvEESt14default_deleteIS3_EED2Ev,both
_ZN6parlay17sequence_internal13sequence_baseIcNS_9allocatorIcEELb1EE12storage_impl18capacitated_buffer11free_bufferERNS2_ISt4byteEE,both
_ZNSt14basic_ofstreamIcSt11char_traitsIcEED1Ev,defef
_ZSt11make_uniqueIA_N6parlay8internal12hazptr_stackIPvEEENSt8__detail9_MakeUniqIT_E7__arrayEm,both
_ZN6parlay12parallel_forIZNS_17sequence_internal13sequence_baseINS_8sequenceIcNS_9allocatorIcEELb1EEENS4_IS6_EELb0EE12storage_impl11destroy_allEvEUlmE_EEvmmT_lb,both
_GLOBAL__sub_I_wc.C,untouched
_ZN6parlay8internal5timer4nextENSt7__cxx1112basic_stringIcSt11char_traitsIcESaIcEEE,defef
_ZN6parlay8sequenceIcNS_9allocatorIcEELb1EE15initialize_fillEmRKc,defef
_ZN6parlay12parallel_forIZNS_17make_unique_arrayINS_8internal15block_allocatorEZNS2_14pool_allocatorC1ERKSt6vectorImSaImEEEUlmE_EEDamT0_EUlmE_EEvmmT_lb,both
_ZN6parlay12parallel_forIZNS_8sequenceIbNS_9allocatorIbEELb0EE15initialize_fillEmRKbEUlmE_EEvmmT_lb,both
_ZN6parlay8internal14acquire_retireINS0_12hazptr_stackIPNS0_15block_allocator5blockEE4NodeESt14default_deleteIS7_ELm1EEC2ES9_,both
_ZN6parlay12parallel_forIZNS_8internal10sliced_forIZNS1_5scan_INS_5sliceIPmS5_EES6_NS_4plusImEEEEDaRKT_T0_OT1_jbEUlmmmE_EEvmmSB_jEUlmE_EEvmmS9_lb,both
_ZN6parlay8internal12hazptr_stackIPSt4byteE4pushES3_,both
_ZN6parlay9allocatorImE10deallocateEPmm,defdac
_ZN6parlay17sequence_internal13sequence_baseINS_8sequenceIcNS_9allocatorIcEELb1EEENS3_IS5_EELb0EE12storage_impl18capacitated_buffer11free_bufferERNS3_ISt4byteEE,both
_Z21writeHistogramsToFileN6parlay8sequenceISt4pairINS0_IcNS_9allocatorIcEELb1EEEmENS2_IS5_EELb0EEEPc,defef
_ZN6parlay12parallel_forIZNS_8internal15block_allocator7reserveEmEUlmE_EEvmmT_lb,both
_ZN6parlay12parallel_forIZNS_7flattenIRNS_8sequenceINS2_IcNS_9allocatorIcEELb1EEENS3_IS5_EELb0EEEEEDaOT_EUlmE0_EEvmmS9_lb,defdac
_ZN7benchIO9read_longERKN6parlay8sequenceIcNS0_9allocatorIcEELb1EEE,untouched
_ZN6parlay13chars_to_fileERKNS_8sequenceIcNS_9allocatorIcEELb1EEERKNSt7__cxx1112basic_stringIcSt11char_traitsIcESaIcEEE,defef
_ZN6parlay12parallel_forIZNS_8internal7delayed8for_eachIRNS2_19block_delayed_zip_tIJRNS2_20block_delayed_scan_tIRNS_16delayed_sequenceISt4pairIllES8_ZNS_10map_tokensIRNS_8file_mapERZNS_6tokensISB_RN7benchIO3$_0EEENS_8sequenceINSG_IcNS_9allocatorIcEELb1EEENSH_ISJ_EELb0EEEOT_OT0_EUlSN_E_SF_EEDaSN_SP_OT1_EUlmE1_EELb0EZNS9_ISB_SR_SF_EEDaSN_SP_ST_EUlS8_S8_E_S8_EENS6_ImmZNS_4iotaImEEDaSM_EUlmE_EEEEEZNS9_ISB_SR_SF_EEDaSN_SP_ST_EUlSN_E_Li0EEEvSN_SP_EUlmE_EEvmmSM_lb,defef
_ZN6parlay17sequence_internal13sequence_baseINS_8sequenceIcNS_9allocatorIcEELb1EEENS3_IS5_EELb0EED2Ev,defef
_ZN6parlay12parallel_forIZNS_8sequenceISt4pairINS1_IcNS_9allocatorIcEELb1EEEmENS3_IS6_EELb0EEC1IZ10wordCountsRKS5_bE3$_5EEmOT_NS8_18_from_function_tagEmEUlmE_EEvmmSD_lb,defef
_ZN7benchIO8dataTypeEN6parlay8sequenceIcNS0_9allocatorIcEELb1EEE,untouched
_ZN6parlay8internal14pool_allocatorD2Ev,both
_ZZN6parlay8internal14acquire_retireINS0_12hazptr_stackIPNS0_15block_allocator5blockEE4NodeESt14default_deleteIS7_ELm1EE18work_toward_ejectsEmENKUlT_E0_clIPS7_EEDaSB_,both
_ZNSt4pairIN6parlay8internal7delayed20block_delayed_scan_tIRNS0_16delayed_sequenceIS_IllES5_ZNS0_10map_tokensIRNS0_8sequenceIcNS0_9allocatorIcEELb1EEERZ10wordCountsRKSA_bE3$_1Z10wordCountsSD_bE3$_2EEDaOT_OT0_OT1_EUlmE1_EELb0EZNS6_ISB_SF_SG_EEDaSI_SK_SM_EUlS5_S5_E_S5_EES5_ED2Ev,defef
_ZN6parlay8sequenceImNS_9allocatorImEELb0EEC2IZNS_7flattenISt4pairIPcmEEEDaONS0_INS0_IT_NS1_IS9_EEXsr3std7is_sameIS9_cEE5valueEEENS1_ISB_EEXsr3std7is_sameISB_cEE5valueEEEEUlmE_EEmOS9_NS3_18_from_function_tagEm,defef
_ZNSt10_HashtableIPN6parlay8internal12hazptr_stackIPvE4NodeES6_SaIS6_ENSt8__detail9_IdentityESt8equal_toIS6_ESt4hashIS6_ENS8_18_Mod_range_hashingENS8_20_Default_ranged_hashENS8_20_Prime_rehash_policyENS8_17_Hashtable_traitsILb0ELb1ELb0EEEE20_M_insert_multi_nodeEPNS8_10_Hash_nodeIS6_Lb0EEEmSM_,both
_ZN6parlay8sequenceISt4pairIllENS_9allocatorIS2_EELb0EE13uninitializedEm,defef
_ZN5timer4nextENSt7__cxx1112basic_stringIcSt11char_traitsIcESaIcEEE,defef
_ZN6parlay8internal10seq_write_INS_22uninitialized_copy_tagENS_5sliceIPKPcS6_EEPPS4_NS3_INS_16delayed_sequenceImmZNS0_22collect_reduce_sparse_IS2_S7_NS_19count_by_key_helperIS4_mRZ10wordCountsRKNS_8sequenceIcNS_9allocatorIcEELb1EEEbE3$_3RZ10wordCountsSI_bE3$_4EEEEDaT0_RKT1_EUlmE_E8iteratorESU_EEEEvSO_T2_SP_m,defdac
_ZN6parlay12parallel_forIZNS_8internal10sliced_forIZNS1_5scan_INS_5sliceIPSt4pairIllES7_EES8_NS_6monoidIZNS_10map_tokensIRNS_8file_mapERZNS_6tokensISC_RN7benchIO3$_0EEENS_8sequenceINSH_IcNS_9allocatorIcEELb1EEENSI_ISK_EELb0EEEOT_OT0_EUlSO_E_SG_EEDaSO_SQ_OT1_EUlS6_S6_E_S6_vEEEEDaRKSN_SP_SU_jbEUlmmmE_EEvmmSY_jEUlmE_EEvmmSN_lb,defef
_ZNSt10_HashtableIPN6parlay8internal12hazptr_stackIPNS1_15block_allocator5blockEE4NodeES8_SaIS8_ENSt8__detail9_IdentityESt8equal_toIS8_ESt4hashIS8_ENSA_18_Mod_range_hashingENSA_20_Default_ranged_hashENSA_20_Prime_rehash_policyENSA_17_Hashtable_traitsILb0ELb1ELb0EEEE20_M_insert_multi_nodeEPNSA_10_Hash_nodeIS8_Lb0EEEmSO_,both
_ZN6parlay8internal7delayed19block_delayed_zip_tIJRNS1_20block_delayed_scan_tIRNS_16delayed_sequenceISt4pairIllES6_ZNS_10map_tokensIRNS_8sequenceIcNS_9allocatorIcEELb1EEERZ10wordCountsRKSB_bE3$_1Z10wordCountsSE_bE3$_2EEDaOT_OT0_OT1_EUlmE1_EELb0EZNS7_ISC_SG_SH_EEDaSJ_SL_SN_EUlS6_S6_E_S6_EENS4_ImmZNS_4iotaImEEDaSI_EUlmE_EEEE15get_begin_blockEm,defdac
_ZN6parlay12parallel_forIZNS_8internal10sliced_forIZNS1_5scan_INS_5sliceIPSt4pairIllES7_EES8_NS_6monoidIZNS_10map_tokensIRNS_8sequenceIcNS_9allocatorIcEELb1EEERZ10wordCountsRKSE_bE3$_1Z10wordCountsSH_bE3$_2EEDaOT_OT0_OT1_EUlS6_S6_E_S6_vEEEEDaRKSL_SN_SQ_jbEUlmmmE_EEvmmSU_jEUlmE_EEvmmSL_lb,defef
_ZN6parlay12parallel_forIZNS_8internal11count_sort_INS_22uninitialized_copy_tagEjPKPcPS4_NS_16delayed_sequenceImmZNS1_22collect_reduce_sparse_IS3_NS_5sliceIS6_S6_EENS_19count_by_key_helperIS4_mRZ10wordCountsRKNS_8sequenceIcNS_9allocatorIcEELb1EEEbE3$_3RZ10wordCountsSI_bE3$_4EEEEDaT0_RKT1_EUlmE_E8iteratorEEESt4pairINSD_ImNSE_ImEELb0EEEbENSA_ISP_SP_EENSA_IT2_S10_EENSA_IT3_S12_EEmfbEUlmE2_EEvmmT_lb,defef
_ZN6parlay8internal7delayed23block_delayed_flatten_tINS_8sequenceINS3_ImNS_9allocatorImEELb0EEENS4_IS6_EELb0EEEEC2IS8_EEOT_i,defef
_ZN6parlay12parallel_forIZNS_17sequence_internal13sequence_baseINS_8sequenceISt4pairIPcmENS_9allocatorIS6_EELb0EEENS7_IS9_EELb0EE12storage_impl11destroy_allEvEUlmE_EEvmmT_lb,defef
_ZN6parlay8sequenceIPmNS_9allocatorIS1_EELb0EE13uninitializedEm,defef
_ZN6parlay8internal14chars_to_int_tImPKcEET_NS_5sliceIT0_S6_EE,defef
_ZNSt10unique_ptrIA_N6parlay6paddedISt6vectorIPNS0_8internal12hazptr_stackIPNS3_15block_allocator5blockEE4NodeESaISA_EELm128EvEESt14default_deleteISE_EED2Ev,both
_ZN6parlay8sequenceIcNS_9allocatorIcEELb1EE16initialize_rangeIPKcEEvT_S7_St26random_access_iterator_tag,both
_ZN6parlay8internal11scan_serialINS_5sliceIPSt4pairIllES5_EES6_RNS_6monoidIZNS_10map_tokensIRNS_8sequenceIcNS_9allocatorIcEELb1EEERZ10wordCountsRKSC_bE3$_1Z10wordCountsSF_bE3$_2EEDaOT_OT0_OT1_EUlS4_S4_E_S4_vEEEEDaRKSJ_SL_SO_NS_13type_identityIDtsr3std18remove_reference_tISN_EE8identityEE4typeEjb,defdac
_ZN6parlay12parallel_forIZNS_26uninitialized_relocate_n_aIPmS2_SaImEEEvT_T0_mRT1_EUlmE_EEvmmS4_lb,defdac
_ZN7benchIO8dataTypeESt4pairIiiE,untouched
_ZZN6parlay15chars_to_doubleERKNS_8sequenceIcNS_9allocatorIcEELb1EEEENKUlRKT_E_clIS3_EEDaS8_,defef
_ZN6parlay8internal7delayed19block_delayed_zip_tIJRNS1_20block_delayed_scan_tIRNS_16delayed_sequenceISt4pairIllES6_ZNS_10map_tokensIRNS_8file_mapERZNS_6tokensIS9_RN7benchIO3$_0EEENS_8sequenceINSE_IcNS_9allocatorIcEELb1EEENSF_ISH_EELb0EEEOT_OT0_EUlSL_E_SD_EEDaSL_SN_OT1_EUlmE1_EELb0EZNS7_IS9_SP_SD_EEDaSL_SN_SR_EUlS6_S6_E_S6_EENS4_ImmZNS_4iotaImEEDaSK_EUlmE_EEEE15get_begin_blockEm,defdac
_ZN6parlay8sequenceISt4pairIPciENS_9allocatorIS3_EELb0EE15initialize_fillEmRKS3_,defef
_ZNSt10unique_ptrIA_N6parlay8internal12hazptr_stackIPvEESt14default_deleteIS5_EED2Ev,both
_ZN7benchIO18readStringFromFileEPKc,untouched
_ZN6parlay8sequenceIPPcNS_9allocatorIS2_EELb0EE13uninitializedEm,both
_ZN7benchIO8dataTypeESt4pairIddE,untouched
_ZN6parlay12parallel_forIZNS_8internal10sliced_forIZNS1_5scan_INS_5sliceIPSt4pairIllES7_EES8_NS_6monoidIZNS_10map_tokensIRNS_8file_mapERZNS_6tokensISC_RN7benchIO3$_0EEENS_8sequenceINSH_IcNS_9allocatorIcEELb1EEENSI_ISK_EELb0EEEOT_OT0_EUlSO_E_SG_EEDaSO_SQ_OT1_EUlS6_S6_E_S6_vEEEEDaRKSN_SP_SU_jbEUlmmmE0_EEvmmSY_jEUlmE_EEvmmSN_lb,defef
_ZN6parlay17sequence_internal13sequence_baseIPcNS_9allocatorIS2_EELb0EE12storage_impl18capacitated_buffer11free_bufferERNS3_ISt4byteEE,defef
_ZN11commandLineC2EiPPcNSt7__cxx1112basic_stringIcSt11char_traitsIcESaIcEEE,untouched
_ZN6parlay8internal14acquire_retireINS0_12hazptr_stackIPNS0_15block_allocator5blockEE4NodeESt14default_deleteIS7_ELm1EE18work_toward_ejectsEm,both
_ZN6parlay8sequenceINS0_IcNS_9allocatorIcEELb1EEENS1_IS3_EELb0EE16initialize_rangeIPKS3_EEvT_S9_St26random_access_iterator_tag,defdac
_ZN6parlay8internal12hazptr_stackIPvE4pushES2_,both
_ZN6parlay8sequenceISt4pairIPcmENS_9allocatorIS3_EELb0EE13uninitializedEm,both
_ZN6parlay12parallel_forIZNS_26uninitialized_relocate_n_aIPcS2_SaIcEEEvT_T0_mRT1_EUlmE_EEvmmS4_lb,defdac
_ZN6parlay17sequence_internal13sequence_baseImNS_9allocatorImEELb0EED2Ev,both
_ZN6parlay8internal12hazptr_stackIPSt4byteED2Ev,defdac
_ZN6parlay12parallel_forIZNS_8sequenceIcNS_9allocatorIcEELb1EE16initialize_rangeIPKcEEvT_S8_St26random_access_iterator_tagEUlmE_EEvmmS8_lb,both
_ZN6parlay8internal15block_allocator4freeEPv,both
_ZN6parlay8internal23default_allocator_sizesEv,both
_ZNSt10_HashtableIPN6parlay8internal12hazptr_stackIPSt4byteE4NodeES7_SaIS7_ENSt8__detail9_IdentityESt8equal_toIS7_ESt4hashIS7_ENS9_18_Mod_range_hashingENS9_20_Default_ranged_hashENS9_20_Prime_rehash_policyENS9_17_Hashtable_traitsILb0ELb1ELb0EEEE13_M_rehash_auxEmSt17integral_constantIbLb0EE,defdac
_ZN6parlay12parallel_forIZNS_8sequenceINS1_IcNS_9allocatorIcEELb1EEENS2_IS4_EELb0EEC1IZNS_8internal16map_tokens_smallIRNS_8file_mapERZNS_6tokensISB_RN7benchIO3$_0EEES6_OT_OT0_EUlSH_E_SF_EEDaSH_SJ_OT1_EUlmE0_EEmSH_NS6_18_from_function_tagEmEUlmE_EEvmmSG_lb,defef
_ZN6parlay12parallel_forIZNS_8sequenceISt4pairIllENS_9allocatorIS3_EELb0EEC1IZNS_8internal7delayed20block_delayed_scan_tIRNS_16delayed_sequenceIS3_S3_ZNS_10map_tokensIRNS_8file_mapERZNS_6tokensISE_RN7benchIO3$_0EEENS1_INS1_IcNS4_IcEELb1EEENS4_ISK_EELb0EEEOT_OT0_EUlSO_E_SI_EEDaSO_SQ_OT1_EUlmE1_EELb0EZNSC_ISE_SS_SI_EEDaSO_SQ_SU_EUlS3_S3_E_S3_EC1ISX_EESO_SY_S3_EUlmE_EEmSO_NS6_18_from_function_tagEmEUlmE_EEvmmSN_lb,defef
_ZN11commandLine14getOptionValueENSt7__cxx1112basic_stringIcSt11char_traitsIcESaIcEEE,defef
_ZN7benchIO8dataTypeESt4pairIjiE,untouched
_ZSt4endlIcSt11char_traitsIcEERSt13basic_ostreamIT_T0_ES6_,defef
_ZN6parlay12parallel_forIZNS_17sequence_internal13sequence_baseINS_8sequenceImNS_9allocatorImEELb0EEENS4_IS6_EELb0EE12storage_impl11destroy_allEvEUlmE_EEvmmT_lb,defef
_ZN6parlay8internal15block_allocatorD2Ev,defdac
_ZN6parlay8sequenceImNS_9allocatorImEELb0EE13uninitializedEm,both
_ZN6parlay8internal11scan_serialINS_5sliceIPSt4pairIllES5_EES6_RNS_6monoidIZNS_10map_tokensIRNS_8file_mapERZNS_6tokensISA_RN7benchIO3$_0EEENS_8sequenceINSF_IcNS_9allocatorIcEELb1EEENSG_ISI_EELb0EEEOT_OT0_EUlSM_E_SE_EEDaSM_SO_OT1_EUlS4_S4_E_S4_vEEEEDaRKSL_SN_SS_NS_13type_identityIDtsr3std18remove_reference_tISR_EE8identityEE4typeEjb,defdac
_ZN6parlay8sequenceImNS_9allocatorImEELb0EE18initialize_defaultEm,both
_ZN6parlay12parallel_forIZNS_8internal11count_sort_INS_22uninitialized_copy_tagEmPKPcPS4_NS_16delayed_sequenceImmZNS1_22collect_reduce_sparse_IS3_NS_5sliceIS6_S6_EENS_19count_by_key_helperIS4_mRZ10wordCountsRKNS_8sequenceIcNS_9allocatorIcEELb1EEEbE3$_3RZ10wordCountsSI_bE3$_4EEEEDaT0_RKT1_EUlmE_E8iteratorEEESt4pairINSD_ImNSE_ImEELb0EEEbENSA_ISP_SP_EENSA_IT2_S10_EENSA_IT3_S12_EEmfbEUlmE0_EEvmmT_lb,defef
_ZN6parlay12parallel_forIZNS_8sequenceINS1_ISt4pairIPcmENS_9allocatorIS4_EELb0EEENS5_IS7_EELb0EEC1IZNS_8internal22collect_reduce_sparse_INS_22uninitialized_copy_tagENS_5sliceIPKS3_SG_EENS_19count_by_key_helperIS3_mRZ10wordCountsRKNS1_IcNS5_IcEELb1EEEbE3$_3RZ10wordCountsSM_bE3$_4EEEEDaT0_RKT1_EUlmE0_EEmOT_NS9_18_from_function_tagEmEUlmE_EEvmmSX_lb,defef
main,untouched
_ZN6parlay17sequence_internal13sequence_baseISt4pairINS_8sequenceIcNS_9allocatorIcEELb1EEEmENS4_IS7_EELb0EED2Ev,defef
_ZN6parlay12parallel_forIZNS_8sequenceISt4pairIPciENS_9allocatorIS4_EELb0EE15initialize_fillEmRKS4_EUlmE_EEvmmT_lb,defef
_ZN6parlay12parallel_forIZNS_8sequenceImNS_9allocatorImEELb0EE16initialize_rangeINS_16delayed_sequenceImmZNS_8internal11delayed_mapIRNS1_IS4_NS2_IS4_EELb0EEEZNS7_7delayed23block_delayed_flatten_tISA_E20initialize_iteratorsEvEUlOT_E_Li0EEEDaSG_T0_EUlmE_E8iteratorEEEvSF_SF_St26random_access_iterator_tagEUlmE_EEvmmSF_lb,defef
_ZN6parlay12parallel_forIZNS_8sequenceISt4pairIPcmENS_9allocatorIS4_EELb0EE15initialize_fillEmRKS4_EUlmE_EEvmmT_lb,defdac
_ZN6parlay8internal5timer6reportEdNSt7__cxx1112basic_stringIcSt11char_traitsIcESaIcEEE,defef
_ZNSt14basic_ifstreamIcSt11char_traitsIcEEC1EPKcSt13_Ios_Openmode,untouched
_ZZN6parlay8internal14acquire_retireINS0_12hazptr_stackIPvE4NodeESt14default_deleteIS5_ELm1EE18work_toward_ejectsEmENKUlT_E0_clIPS5_EEDaS9_,both
_ZN7benchIO8dataTypeESt4pairIjjE,untouched
_ZN6parlay17sequence_internal13sequence_baseISt4pairIllENS_9allocatorIS3_EELb0EED2Ev,defef
_ZN6parlay7flattenISt4pairIPcmEEEDaONS_8sequenceINS4_IT_NS_9allocatorIS5_EEXsr3std7is_sameIS5_cEE5valueEEENS6_IS8_EEXsr3std7is_sameIS8_cEE5valueEEE,defef
_ZSt9__find_ifIN9__gnu_cxx17__normal_iteratorIPPN6parlay8internal12hazptr_stackIPSt4byteE4NodeESt6vectorIS9_SaIS9_EEEENS0_5__ops10_Iter_predIZNS3_14acquire_retireIS8_St14default_deleteIS8_ELm1EE18work_toward_ejectsEmEUlT_E0_EEESL_SL_SL_T0_St26random_access_iterator_tag,defdac
_ZN6parlay12parallel_forIZNS_8internal7delayed11to_sequenceINS2_25block_delayed_filter_op_tINS_16delayed_sequenceImmZNS_4iotaImEEDaT_EUlmE_EEZNS1_16map_tokens_smallIRNS_8file_mapERZNS_6tokensISC_RN7benchIO3$_0EEENS_8sequenceINSH_IcNS_9allocatorIcEELb1EEENSI_ISK_EELb0EEEOS7_OT0_EUlSN_E_SG_EEDaSN_SP_OT1_EUlmE_EELi0EEEDaSN_EUlmE_EEvmmS7_lb,defef
